Business Name,Number,Website,Address,City,Category,Rating,Reviews,Lead Score,Opportunities
Café Strada,,,"Café Strada, 79 Lake St, Cairns City QLD 4870",cairns,Restaurant,4.7,435.0,90.0,Website design and development; Google My Business setup and optimization; Basic SEO package; Business phone system setup; Professional phone number and call routing; Professional email setup and automation; Customer relationship management (CRM) system; Restaurant website with online menu
Calaveras Street Fusion,(040) 611-7985,,"Calaveras Street Fusion, 238 Draper St, Parramatta Park QLD 4870",cairns,Mexican restaurant,4.8,357.0,65.0,Website design and development; Google My Business setup and optimization; Basic SEO package; Professional email setup and automation; Customer relationship management (CRM) system; Restaurant website with online menu; Table reservation system; Social media marketing automation
Katchup bar and restaurant,(043) 148-2080,,"Katchup bar and restaurant, Shop 4/129 Abbott St, Cairns City QLD 4870",cairns,Thai restaurant,4.6,269.0,65.0,Website design and development; Google My Business setup and optimization; Basic SEO package; Professional email setup and automation; Customer relationship management (CRM) system; Restaurant website with online menu; Table reservation system; Social media marketing automation
Waffle On Cairns,,https://www.facebook.com/WaffleOnCairns/,"Waffle On Cairns, 64 Shields St, Cairns City QLD 4870",cairns,Restaurant,4.7,822.0,60.0,Professional website to replace social media presence; Custom domain and professional email setup; Brand identity and online presence upgrade; Business phone system setup; Professional phone number and call routing; Professional email setup and automation; Customer relationship management (CRM) system; Online ordering system integration
Root Vegetarian,,https://instagram.com/root.vegetarian?igshid=YmMyMTA2M2Y=,"Root Vegetarian, Shop C/82 Lake St, Cairns City QLD 4870",cairns,Vegan restaurant,4.9,179.0,60.0,Professional website to replace social media presence; Custom domain and professional email setup; Brand identity and online presence upgrade; Business phone system setup; Professional phone number and call routing; Professional email setup and automation; Customer relationship management (CRM) system; Online ordering system integration
Yama Zaru Izakaya,(041) 322-0398,http://www.yamazaru.com.au/,"Yama Zaru Izakaya, 45 Sheridan St, Cairns City QLD 4870",cairns,Restaurant,4.6,331.0,35.0,SEO audit and optimization; Website redesign and modernization; Website speed and mobile optimization; Conversion rate optimization; Professional email setup and automation; Customer relationship management (CRM) system; Online ordering system integration; Digital menu and QR code setup
Pist4cchi,(074) 802-8086,http://www.pistacchicairns.com/,"Pist4cchi, Shop 2/64 Shields St, Cairns City QLD 4870",cairns,Italian restaurant,4.7,507.0,35.0,SEO audit and optimization; Website redesign and modernization; Website speed and mobile optimization; Conversion rate optimization; Professional email setup and automation; Customer relationship management (CRM) system; Online ordering system integration; Digital menu and QR code setup
Dundees on the Waterfront,(074) 051-0399,https://dundees.com.au/waterfront/,"Dundees on the Waterfront, 1 Marlin Parade, Cairns City QLD 4870",cairns,Seafood restaurant,4.5,3703.0,35.0,SEO audit and optimization; Website redesign and modernization; Website speed and mobile optimization; Conversion rate optimization; Professional email setup and automation; Customer relationship management (CRM) system; Online ordering system integration; Digital menu and QR code setup
Little Sister Restaurant & Cocktail Bar,(074) 031-5400,http://little-sister.com.au/,"Little Sister Restaurant & Cocktail Bar, 101 Esplanade, Cairns City QLD 4870",cairns,Restaurant,4.5,799.0,35.0,SEO audit and optimization; Website redesign and modernization; Website speed and mobile optimization; Conversion rate optimization; Professional email setup and automation; Customer relationship management (CRM) system; Online ordering system integration; Digital menu and QR code setup
Yaya’s Hellenic Kitchen and Bar,(074) 031-3033,http://www.yayashellenickitchen.com.au/contact/,"Yaya’s Hellenic Kitchen and Bar, Level 1, Corner Aplin St &, Esplanade, Cairns City QLD 4870",cairns,Greek restaurant,4.8,2541.0,35.0,SEO audit and optimization; Website redesign and modernization; Website speed and mobile optimization; Conversion rate optimization; Professional email setup and automation; Customer relationship management (CRM) system; Online ordering system integration; Digital menu and QR code setup
Piccolo Cucina,(074) 051-5137,http://www.piccolocucina.com.au/,"Piccolo Cucina, 17 Abbott St, Cairns City QLD 4870",cairns,Italian restaurant,4.5,1092.0,35.0,SEO audit and optimization; Website redesign and modernization; Website speed and mobile optimization; Conversion rate optimization; Professional email setup and automation; Customer relationship management (CRM) system; Online ordering system integration; Digital menu and QR code setup
KOI Bar & Restaurant,(074) 056-9195,http://koicairns.com.au/,"KOI Bar & Restaurant, 53-57 Esplanade, Cairns City QLD 4870",cairns,Asian restaurant,4.9,262.0,35.0,SEO audit and optimization; Website redesign and modernization; Website speed and mobile optimization; Conversion rate optimization; Professional email setup and automation; Customer relationship management (CRM) system; Online ordering system integration; Digital menu and QR code setup
C'est Bon,(074) 051-4488,https://www.cestboncairns.com.au/,"C'est Bon, 20 Lake St, Cairns City QLD 4870",cairns,French restaurant,4.6,844.0,35.0,SEO audit and optimization; Website redesign and modernization; Website speed and mobile optimization; Conversion rate optimization; Professional email setup and automation; Customer relationship management (CRM) system; Online ordering system integration; Digital menu and QR code setup
Restaurant Oak & Vine - Cairns,(074) 281-6938,https://www.oakshotels.com/en/oaks-cairns-hotel/oak-and-vine-restaurant,"Restaurant Oak & Vine - Cairns, 59/63 Esplanade, Cairns City QLD 4870",cairns,Restaurant,4.2,396.0,35.0,SEO audit and optimization; Website redesign and modernization; Website speed and mobile optimization; Conversion rate optimization; Professional email setup and automation; Customer relationship management (CRM) system; Online ordering system integration; Digital menu and QR code setup
Salt House,(074) 041-7733,http://www.salthouse.com.au/,"Salt House, Marina Point, 6/2 Pier Point Rd, Cairns City QLD 4870",cairns,Modern Australian restaurant,4.3,5094.0,35.0,SEO audit and optimization; Website redesign and modernization; Website speed and mobile optimization; Conversion rate optimization; Professional email setup and automation; Customer relationship management (CRM) system; Online ordering system integration; Digital menu and QR code setup
Wawawa Izakaya,(045) 512-5057,https://wawawa.com.au/,"Wawawa Izakaya, 92 Lake St, Cairns City QLD 4870",cairns,Japanese restaurant,4.6,481.0,35.0,SEO audit and optimization; Website redesign and modernization; Website speed and mobile optimization; Conversion rate optimization; Professional email setup and automation; Customer relationship management (CRM) system; Online ordering system integration; Digital menu and QR code setup
Lanna Thai Restaurant,(043) 203-0506,http://www.lannathairestaurant.com.au/,"Lanna Thai Restaurant, 74 Shields St, Cairns City QLD 4870",cairns,Thai restaurant,4.7,1185.0,35.0,SEO audit and optimization; Website redesign and modernization; Website speed and mobile optimization; Conversion rate optimization; Professional email setup and automation; Customer relationship management (CRM) system; Online ordering system integration; Digital menu and QR code setup
Piato Mediterranean Restaurant,(074) 041-4284,http://www.piatocairns.com/,"Piato Mediterranean Restaurant, 1 Pierpoint Road Shop G4A, The Pier Marina, Cairns City QLD 4870",cairns,Mediterranean restaurant,4.5,965.0,35.0,SEO audit and optimization; Website redesign and modernization; Website speed and mobile optimization; Conversion rate optimization; Professional email setup and automation; Customer relationship management (CRM) system; Online ordering system integration; Digital menu and QR code setup
La Fettuccina Restaurant,(074) 031-5959,http://www.lafettuccina.com/,"La Fettuccina Restaurant, 41 Shields St, Cairns City QLD 4870",cairns,Italian restaurant,4.5,533.0,35.0,SEO audit and optimization; Website redesign and modernization; Website speed and mobile optimization; Conversion rate optimization; Professional email setup and automation; Customer relationship management (CRM) system; Online ordering system integration; Digital menu and QR code setup
Ela Mediterranean,(074) 041-0718,https://www.elacairns.com.au/,"Ela Mediterranean, The Sebel Cairns Harbour Lights, Waterfront Dinning, 8/1 Marlin Parade, Cairns City QLD 4870",cairns,Restaurant,4.7,131.0,35.0,SEO audit and optimization; Website redesign and modernization; Website speed and mobile optimization; Conversion rate optimization; Professional email setup and automation; Customer relationship management (CRM) system; Online ordering system integration; Digital menu and QR code setup
Bayleaf Balinese Restaurant,(074) 047-7955,https://www.bayvillage.com.au/bayleaf-balinese-restaurant/,"Bayleaf Balinese Restaurant, Cnr Gatton St &, Lake St, Cairns City QLD 4870",cairns,Indonesian restaurant,4.4,971.0,35.0,SEO audit and optimization; Website redesign and modernization; Website speed and mobile optimization; Conversion rate optimization; Professional email setup and automation; Customer relationship management (CRM) system; Online ordering system integration; Digital menu and QR code setup
Bellocale Italian Seafood Restaurant,(074) 051-7777,http://www.bellocale.com.au/,"Bellocale Italian Seafood Restaurant, 62C Shields St, Cairns City QLD 4870",cairns,Italian restaurant,4.7,720.0,35.0,SEO audit and optimization; Website redesign and modernization; Website speed and mobile optimization; Conversion rate optimization; Professional email setup and automation; Customer relationship management (CRM) system; Online ordering system integration; Digital menu and QR code setup
Yum Sing Restaurant Cairns,(040) 187-7836,https://www.facebook.com/cairnsyumsing,"Yum Sing Restaurant Cairns, 183 Lake St, Cairns City QLD 4870",cairns,Chinese restaurant,4.6,442.0,35.0,Professional website to replace social media presence; Custom domain and professional email setup; Brand identity and online presence upgrade; Professional email setup and automation; Customer relationship management (CRM) system; Online ordering system integration; Digital menu and QR code setup; Table reservation system
Flynn's Italian by Crystalbrook,(074) 253-5010,https://crystalbrookcollection.com/flynn/flynns-italian,"Flynn's Italian by Crystalbrook, Crystalbrook Flynn, Level 1/85 Esplanade, Cairns City QLD 4870",cairns,Italian restaurant,4.6,549.0,35.0,SEO audit and optimization; Website redesign and modernization; Website speed and mobile optimization; Conversion rate optimization; Professional email setup and automation; Customer relationship management (CRM) system; Online ordering system integration; Digital menu and QR code setup
Cairns Burger Cafe,(074) 020-5884,https://order.online/business/cairns-burger-cafe-11685854,"Cairns Burger Cafe, 15 Aplin St, Cairns City QLD 4870",cairns,Restaurant,4.6,732.0,35.0,SEO audit and optimization; Website redesign and modernization; Website speed and mobile optimization; Conversion rate optimization; Professional email setup and automation; Customer relationship management (CRM) system; Online ordering system integration; Digital menu and QR code setup
Tokyo Dumpling,(074) 041-2848,https://www.facebook.com/tokyodumplingcairns,"Tokyo Dumpling, 46 Lake St, Cairns City QLD 4870",cairns,Japanese restaurant,4.4,517.0,35.0,Professional website to replace social media presence; Custom domain and professional email setup; Brand identity and online presence upgrade; Professional email setup and automation; Customer relationship management (CRM) system; Online ordering system integration; Digital menu and QR code setup; Table reservation system
Villa Romana,(074) 051-9000,http://www.villaromana.com.au/,"Villa Romana, 99 Esplanade, Cairns City QLD 4870",cairns,Italian restaurant,4.1,2646.0,35.0,SEO audit and optimization; Website redesign and modernization; Website speed and mobile optimization; Conversion rate optimization; Professional email setup and automation; Customer relationship management (CRM) system; Online ordering system integration; Digital menu and QR code setup
Lemoncello's Cairns,(074) 051-5125,https://lemoncelloscairns.com.au/,"Lemoncello's Cairns, Shop 8/53-57 The, Esplanade, Cairns City QLD 4870",cairns,Restaurant,4.0,552.0,35.0,SEO audit and optimization; Website redesign and modernization; Website speed and mobile optimization; Conversion rate optimization; Professional email setup and automation; Customer relationship management (CRM) system; Online ordering system integration; Digital menu and QR code setup
Splash Seafood Restaurant,(074) 031-9300,http://www.splashrestaurant.com.au/,"Splash Seafood Restaurant, 103 Esplanade, Cairns City QLD 4870",cairns,Seafood restaurant,4.4,1115.0,35.0,SEO audit and optimization; Website redesign and modernization; Website speed and mobile optimization; Conversion rate optimization; Professional email setup and automation; Customer relationship management (CRM) system; Online ordering system integration; Digital menu and QR code setup
Pete & Paulz Breakfast Bar,(040) 354-6321,https://www.facebook.com/Pete-Paulz-320722738015110/,"Pete & Paulz Breakfast Bar, 35 Sheridan St, Cairns City QLD 4870",cairns,Breakfast restaurant,4.6,531.0,35.0,Professional website to replace social media presence; Custom domain and professional email setup; Brand identity and online presence upgrade; Professional email setup and automation; Customer relationship management (CRM) system; Online ordering system integration; Digital menu and QR code setup; Table reservation system
Perrotta's at the Gallery,(074) 031-5899,https://www.perrottasatg.com/,"Perrotta's at the Gallery, 38 Abbott St, Cairns City QLD 4870",cairns,Italian restaurant,4.3,937.0,35.0,SEO audit and optimization; Website redesign and modernization; Website speed and mobile optimization; Conversion rate optimization; Professional email setup and automation; Customer relationship management (CRM) system; Online ordering system integration; Digital menu and QR code setup
IMM THAI CAFE,(074) 041-7761,https://www.facebook.com/Imm-Thai-Cafe-1238711132911282/,"IMM THAI CAFE, 60 Abbott St, Cairns City QLD 4870",cairns,Thai restaurant,4.5,1173.0,35.0,Professional website to replace social media presence; Custom domain and professional email setup; Brand identity and online presence upgrade; Professional email setup and automation; Customer relationship management (CRM) system; Online ordering system integration; Digital menu and QR code setup; Table reservation system
Vitalia's Italian Restaurant,(074) 000-0865,http://www.vitalias.com.au/,"Vitalia's Italian Restaurant, ShopG9/2 Pier Point Rd, Cairns City QLD 4870",cairns,Italian restaurant,4.5,1634.0,35.0,SEO audit and optimization; Website redesign and modernization; Website speed and mobile optimization; Conversion rate optimization; Professional email setup and automation; Customer relationship management (CRM) system; Online ordering system integration; Digital menu and QR code setup
Four Cinq,(074) 031-7774,http://www.four-cinq.com.au/,"Four Cinq, Shop 6/20 Lake St, Cairns City QLD 4870",cairns,Ramen restaurant,4.6,245.0,35.0,SEO audit and optimization; Website redesign and modernization; Website speed and mobile optimization; Conversion rate optimization; Professional email setup and automation; Customer relationship management (CRM) system; Online ordering system integration; Digital menu and QR code setup
The Backyard,(074) 052-7670,https://www.thebackyardcairns.com.au/,"The Backyard, Pier Point Rd, Cairns City QLD 4870",cairns,Modern Australian restaurant,4.1,755.0,35.0,SEO audit and optimization; Website redesign and modernization; Website speed and mobile optimization; Conversion rate optimization; Professional email setup and automation; Customer relationship management (CRM) system; Online ordering system integration; Digital menu and QR code setup
The Cotton Club,(074) 041-1400,https://thecottonclubcairns.com.au/,"The Cotton Club, 24 Shields St, Cairns City QLD 4870",cairns,Restaurant,4.4,399.0,35.0,SEO audit and optimization; Website redesign and modernization; Website speed and mobile optimization; Conversion rate optimization; Professional email setup and automation; Customer relationship management (CRM) system; Online ordering system integration; Digital menu and QR code setup
Hello Harry (The Burger Joint) Cairns,(074) 041-7375,https://www.helloharry.com.au/store/cairns,"Hello Harry (The Burger Joint) Cairns, Shop 2/95-105 Esplanade, Cairns City QLD 4870",cairns,Hamburger restaurant,4.7,1273.0,35.0,SEO audit and optimization; Website redesign and modernization; Website speed and mobile optimization; Conversion rate optimization; Professional email setup and automation; Customer relationship management (CRM) system; Online ordering system integration; Digital menu and QR code setup
Ochre Restaurant and Catering,(074) 051-0100,https://www.ochrerestaurant.com.au/,"Ochre Restaurant and Catering, Harbour Lights Boardwalk, 1 Marlin Parade, Cairns City QLD 4870",cairns,Modern Australian restaurant,4.5,1671.0,35.0,SEO audit and optimization; Website redesign and modernization; Website speed and mobile optimization; Conversion rate optimization; Professional email setup and automation; Customer relationship management (CRM) system; Online ordering system integration; Digital menu and QR code setup
Ganbaranba,(074) 031-2522,https://instagram.com/cool_ganba?igshid=elxdxuxikfhj,"Ganbaranba, 7/12-20 Spence St, Cairns City QLD 4870",cairns,Japanese restaurant,4.4,1174.0,35.0,Professional website to replace social media presence; Custom domain and professional email setup; Brand identity and online presence upgrade; Professional email setup and automation; Customer relationship management (CRM) system; Online ordering system integration; Digital menu and QR code setup; Table reservation system
Bushfire Flame Grill,(074) 044-1879,http://www.bushfirecairns.com/?utm_source=GMBlisting&utm_medium=organic,"Bushfire Flame Grill, 43 Esplanade, Cairns City QLD 4870",cairns,Brazilian restaurant,4.3,1121.0,35.0,SEO audit and optimization; Website redesign and modernization; Website speed and mobile optimization; Conversion rate optimization; Professional email setup and automation; Customer relationship management (CRM) system; Online ordering system integration; Digital menu and QR code setup
Paper Crane by Crystalbrook,(074) 252-7777,https://www.crystalbrookcollection.com/riley/paper-crane?utm_source=GMB&utm_medium=Google%20My%20Business&utm_campaign=GMB%20-%20Paper%20Crane,"Paper Crane by Crystalbrook, Ground Floor, 131-141, Esplanade, Cairns City QLD 4870",cairns,Asian fusion restaurant,4.3,951.0,35.0,SEO audit and optimization; Website redesign and modernization; Website speed and mobile optimization; Conversion rate optimization; Professional email setup and automation; Customer relationship management (CRM) system; Online ordering system integration; Digital menu and QR code setup
Tamarind Restaurant,(074) 030-8897,https://www.reefcasino.com.au/dine/tamarind-restaurant,"Tamarind Restaurant, 6-8 Abbott St, Cairns City QLD 4870",cairns,Fine dining restaurant,4.5,485.0,35.0,SEO audit and optimization; Website redesign and modernization; Website speed and mobile optimization; Conversion rate optimization; Professional email setup and automation; Customer relationship management (CRM) system; Online ordering system integration; Digital menu and QR code setup
Howlin' Jay's,(074) 041-1791,http://www.howlinjays.com/,"Howlin' Jay's, 1 Pier Point Rd, Cairns City QLD 4870",cairns,American restaurant,4.4,1322.0,35.0,SEO audit and optimization; Website redesign and modernization; Website speed and mobile optimization; Conversion rate optimization; Professional email setup and automation; Customer relationship management (CRM) system; Online ordering system integration; Digital menu and QR code setup
Bagus Cafe,(074) 000-2051,https://www.baguscafe.com.au/,"Bagus Cafe, 149 Esplanade, Cairns City QLD 4870",cairns,Restaurant,4.6,764.0,35.0,SEO audit and optimization; Website redesign and modernization; Website speed and mobile optimization; Conversion rate optimization; Professional email setup and automation; Customer relationship management (CRM) system; Online ordering system integration; Digital menu and QR code setup
Boardwalk Social by Crystalbrook,(074) 253-5000,https://www.crystalbrookcollection.com/flynn/boardwalk-social?utm_source=GMB&utm_medium=Google%20My%20Business&utm_campaign=GMB%20-%20boardwalk,"Boardwalk Social by Crystalbrook, Ground Floor, 85, Esplanade, Cairns City QLD 4870",cairns,Restaurant,4.1,608.0,35.0,SEO audit and optimization; Website redesign and modernization; Website speed and mobile optimization; Conversion rate optimization; Professional email setup and automation; Customer relationship management (CRM) system; Online ordering system integration; Digital menu and QR code setup
Cairns Riki Japanese BBQ Restaurant,(044) 854-7597,https://www.facebook.com/CairnsRikiBBQ/,"Cairns Riki Japanese BBQ Restaurant, 79 Abbott St, Cairns City QLD 4870",cairns,Japanese restaurant,4.5,276.0,35.0,Professional website to replace social media presence; Custom domain and professional email setup; Brand identity and online presence upgrade; Professional email setup and automation; Customer relationship management (CRM) system; Online ordering system integration; Digital menu and QR code setup; Table reservation system
Jimmys Burger & Co,(074) 041-6651,http://www.jimmysburgerco.com/,"Jimmys Burger & Co, 66 Shields St, Cairns City QLD 4870",cairns,American restaurant,4.3,2147.0,35.0,SEO audit and optimization; Website redesign and modernization; Website speed and mobile optimization; Conversion rate optimization; Professional email setup and automation; Customer relationship management (CRM) system; Online ordering system integration; Digital menu and QR code setup
Vitalia's Panini & Focacce,(074) 000-0865,https://vitaliasrestaurant.lifeintouch.net/,"Vitalia's Panini & Focacce, Shop G9 2Pier, Point Road, QLD 4870",cairns,Take Away Restaurant,4.6,112.0,35.0,SEO audit and optimization; Website redesign and modernization; Website speed and mobile optimization; Conversion rate optimization; Professional email setup and automation; Customer relationship management (CRM) system; Online ordering system integration; Digital menu and QR code setup
The Chambers,(074) 041-7302,http://www.the-chambers.com.au/,"The Chambers, 21 Spence St, Cairns City QLD 4870",cairns,Cafe,4.6,933.0,30.0,SEO audit and optimization; Website redesign and modernization; Website speed and mobile optimization; Conversion rate optimization; Professional email setup and automation; Customer relationship management (CRM) system; Online ordering system integration; Digital menu and QR code setup
Waterbar & Grill Steakhouse,(074) 031-1199,http://www.waterbarandgrill.com.au/,"Waterbar & Grill Steakhouse, 1 Pier Point Rd, Cairns City QLD 4870",cairns,Steak house,4.6,2235.0,30.0,SEO audit and optimization; Website redesign and modernization; Website speed and mobile optimization; Conversion rate optimization; Professional email setup and automation; Customer relationship management (CRM) system; Online ordering system integration; Digital menu and QR code setup
Ti-Tree Park Outdoor Gym,,,"Ti-Tree Park Outdoor Gym, 628 Flinders St, Docklands VIC 3008",melbourne,Gym,4.0,1.0,100.0,Website design and development; Google My Business setup and optimization; Basic SEO package; Business phone system setup; Professional phone number and call routing; Professional email setup and automation; Customer relationship management (CRM) system; Review generation and management system
ELM Group HQ,(130) 035-6477,,"ELM Group HQ, Elm Group; HQ, 11/580 Collins St, Melbourne VIC 3000",melbourne,Gym,5.0,36.0,75.0,Website design and development; Google My Business setup and optimization; Basic SEO package; Professional email setup and automation; Customer relationship management (CRM) system; Review generation and management system; Customer feedback automation; Member management and billing system
Momentum Health & Fitness,(130) 015-2051,,"Momentum Health & Fitness, level 4/211 La Trobe St, Melbourne VIC 3000",melbourne,Personal trainer,5.0,27.0,70.0,Website design and development; Google My Business setup and optimization; Basic SEO package; Professional email setup and automation; Customer relationship management (CRM) system; Review generation and management system; Customer feedback automation
Productive Health and Wellness,(039) 939-5334,,"Productive Health and Wellness, Rialto Towers, South Tower, 525 Collins St, Melbourne VIC 3000",melbourne,Personal trainer,5.0,18.0,70.0,Website design and development; Google My Business setup and optimization; Basic SEO package; Professional email setup and automation; Customer relationship management (CRM) system; Review generation and management system; Customer feedback automation; Member management and billing system
Eades Place Park Outdoor Gym,,https://www.melbourneplaygrounds.com.au/eades-place-park-outdoor-gym-west-melbourne,"Eades Place Park Outdoor Gym, 30 Chetwynd St, West Melbourne VIC 3003",melbourne,Gym,4.4,7.0,70.0,SEO audit and optimization; Website redesign and modernization; Website speed and mobile optimization; Conversion rate optimization; Business phone system setup; Professional phone number and call routing; Professional email setup and automation; Customer relationship management (CRM) system
Fit Tribe,,http://fittribe.melbourne/,"Fit Tribe, 10 La Trobe St, Melbourne VIC 3000",melbourne,Fitness center,5.0,14.0,65.0,SEO audit and optimization; Website redesign and modernization; Website speed and mobile optimization; Conversion rate optimization; Business phone system setup; Professional phone number and call routing; Professional email setup and automation; Customer relationship management (CRM) system
Lincoln Square Fitness,(039) 035-9942,https://sport.unimelb.edu.au/fitness/fitness-facilities,"Lincoln Square Fitness, 183 Bouverie St, Carlton VIC 3053",melbourne,Gym,4.4,16.0,45.0,SEO audit and optimization; Website redesign and modernization; Website speed and mobile optimization; Conversion rate optimization; Professional email setup and automation; Customer relationship management (CRM) system; Review generation and management system; Customer feedback automation
Bodies By Barry Personal Training Melbourne,(043) 416-6116,http://www.bodiesbybarry.com.au/?utm_source=GMBlisting&utm_medium=Organic&utm_campaign=6405313079543884436,"Bodies By Barry Personal Training Melbourne, 10 La Trobe St, Melbourne VIC 3000",melbourne,Gym,5.0,42.0,45.0,SEO audit and optimization; Website redesign and modernization; Website speed and mobile optimization; Conversion rate optimization; Professional email setup and automation; Customer relationship management (CRM) system; Review generation and management system; Customer feedback automation
Elite Gym Supplies,(048) 887-8893,https://elitegymsupplies.com/,"Elite Gym Supplies, 35 Collins St, Melbourne VIC 3000",melbourne,Gym,5.0,13.0,45.0,SEO audit and optimization; Website redesign and modernization; Website speed and mobile optimization; Conversion rate optimization; Professional email setup and automation; Customer relationship management (CRM) system; Review generation and management system; Customer feedback automation
The Underground Fitness Club,(037) 049-9442,http://www.tufclub.com.au/,"The Underground Fitness Club, 174 Peel St, North Melbourne VIC 3051",melbourne,Fitness center,4.4,38.0,40.0,SEO audit and optimization; Website redesign and modernization; Website speed and mobile optimization; Conversion rate optimization; Professional email setup and automation; Customer relationship management (CRM) system; Review generation and management system; Customer feedback automation
Health and Fitness Progressions,(041) 730-2462,https://hfprogressions.com.au/,"Health and Fitness Progressions, 2/19 Meyers Pl, Melbourne VIC 3000",melbourne,Personal trainer,4.8,25.0,40.0,SEO audit and optimization; Website redesign and modernization; Website speed and mobile optimization; Conversion rate optimization; Professional email setup and automation; Customer relationship management (CRM) system; Review generation and management system; Customer feedback automation
Personal Training Prime 40,(041) 309-8737,https://www.prime40personaltraining.com.au/?utm_source=google&utm_medium=organic&utm_campaign=gmb,"Personal Training Prime 40, Unit 1/164 Cardigan St, Carlton VIC 3053",melbourne,Personal trainer,5.0,43.0,40.0,SEO audit and optimization; Website redesign and modernization; Website speed and mobile optimization; Conversion rate optimization; Professional email setup and automation; Customer relationship management (CRM) system; Review generation and management system; Customer feedback automation
Move Training Club,(043) 526-1884,http://www.movetrainingclub.com.au/,"Move Training Club, 38 La Trobe St, Melbourne VIC 3000",melbourne,Boot camp,4.9,16.0,40.0,SEO audit and optimization; Website redesign and modernization; Website speed and mobile optimization; Conversion rate optimization; Professional email setup and automation; Customer relationship management (CRM) system; Review generation and management system; Customer feedback automation
Maddox Personal Training,(039) 958-6825,http://www.maddox.fit/,"Maddox Personal Training, GF, 325 Flinders Ln, Melbourne VIC 3000",melbourne,Personal trainer,4.9,35.0,40.0,SEO audit and optimization; Website redesign and modernization; Website speed and mobile optimization; Conversion rate optimization; Professional email setup and automation; Customer relationship management (CRM) system; Review generation and management system; Customer feedback automation
Ashley Faithfull Training Studios,(045) 016-3020,https://www.aftrainingstudios.com.au/,"Ashley Faithfull Training Studios, Level 7/ OLDERFLEET Building, 477 Collins St, Melbourne VIC 3000",melbourne,Personal trainer,5.0,37.0,40.0,SEO audit and optimization; Website redesign and modernization; Website speed and mobile optimization; Conversion rate optimization; Professional email setup and automation; Customer relationship management (CRM) system; Review generation and management system; Customer feedback automation
RP Performance,(037) 064-0596,http://www.rpperformance.com.au/,"RP Performance, R12/525 Collins St, Melbourne VIC 3000",melbourne,Fitness center,5.0,3.0,40.0,SEO audit and optimization; Website redesign and modernization; Website speed and mobile optimization; Conversion rate optimization; Professional email setup and automation; Customer relationship management (CRM) system; Review generation and management system; Customer feedback automation
Zap Fitness 24/7 Carlton,(130) 092-7348,https://www.zapfitness.com.au/clubs/carlton/?utm_source=gbp&utm_medium=organic&utm_campaign=ZAP%20-%20AO%20-%20GBP%20-%20GOO%20-%20AU&utm_content=Zap%20Fitness%2024/7%20Carlton&utm_term=plcid_10602690643198762695,"Zap Fitness 24/7 Carlton, 28 Victoria St, Carlton VIC 3053",melbourne,Gym,4.1,234.0,35.0,SEO audit and optimization; Website redesign and modernization; Website speed and mobile optimization; Conversion rate optimization; Professional email setup and automation; Customer relationship management (CRM) system; Member management and billing system; Online class booking and scheduling
Virgin Active Collins Street Gym,(039) 206-9100,https://www.virginactive.com.au/locations/collins-street?utm_source=google&utm_medium=organic&utm_campaign=gbp&utm_content=collins-street,"Virgin Active Collins Street Gym, 1/567 Collins St, Melbourne VIC 3000",melbourne,Gym,4.0,284.0,35.0,SEO audit and optimization; Website redesign and modernization; Website speed and mobile optimization; Conversion rate optimization; Professional email setup and automation; Customer relationship management (CRM) system; Member management and billing system; Online class booking and scheduling
Anytime Fitness,(039) 629-3194,https://www.anytimefitness.com.au/gyms/au-1451/melbourne-cbd---collins-st-vic-3000/?utm_source=google&utm_medium=organic&utm_campaign=gmb,"Anytime Fitness, 367 Collins Street (Optus Centre, Lower Ground Floor or, 354 Flinders Ln, Melbourne VIC 3000",melbourne,Gym,4.2,222.0,35.0,SEO audit and optimization; Website redesign and modernization; Website speed and mobile optimization; Conversion rate optimization; Professional email setup and automation; Customer relationship management (CRM) system; Member management and billing system; Online class booking and scheduling
Snap Fitness 24/7 Southbank,(040) 179-4997,https://www.snapfitness.com/au/gyms/southbank?utm_source=gmb&utm_medium=yext,"Snap Fitness 24/7 Southbank, 85D Queens Bridge St, Southbank VIC 3006",melbourne,Gym,4.3,143.0,35.0,SEO audit and optimization; Website redesign and modernization; Website speed and mobile optimization; Conversion rate optimization; Professional email setup and automation; Customer relationship management (CRM) system; Member management and billing system; Online class booking and scheduling
101 Fitness,(049) 756-0077,http://www.101fitness.com.au/,"101 Fitness, 350 King St, West Melbourne VIC 3003",melbourne,Gym,4.8,89.0,35.0,SEO audit and optimization; Website redesign and modernization; Website speed and mobile optimization; Conversion rate optimization; Professional email setup and automation; Customer relationship management (CRM) system; Member management and billing system; Online class booking and scheduling
Anytime Fitness Melbourne CBD - Bourke Street VIC,(038) 620-7105,https://www.anytimefitness.com.au/gyms/au-1216/melbourne-cbd---bourke-street-vic-3000/,"Anytime Fitness Melbourne CBD - Bourke Street VIC, Goldsbrough Village cnr Bourke & William St, Mezzanine Level, Melbourne VIC 3000",melbourne,Gym,4.3,112.0,35.0,SEO audit and optimization; Website redesign and modernization; Website speed and mobile optimization; Conversion rate optimization; Professional email setup and automation; Customer relationship management (CRM) system; Member management and billing system; Online class booking and scheduling
Melbourne City Baths,(039) 658-9011,http://www.melbourne.vic.gov.au/mcb,"Melbourne City Baths, 420 Swanston St, Melbourne VIC 3000",melbourne,Gym,4.1,338.0,35.0,SEO audit and optimization; Website redesign and modernization; Website speed and mobile optimization; Conversion rate optimization; Professional email setup and automation; Customer relationship management (CRM) system; Member management and billing system; Online class booking and scheduling
Doherty's Gym City,(039) 621-1022,https://dohertysgym.com/city/,"Doherty's Gym City, 367 Flinders St, Melbourne VIC 3000",melbourne,Gym,4.4,161.0,35.0,SEO audit and optimization; Website redesign and modernization; Website speed and mobile optimization; Conversion rate optimization; Professional email setup and automation; Customer relationship management (CRM) system; Member management and billing system; Online class booking and scheduling
Anytime Fitness,(042) 797-9997,https://club.anytimefitness.com.au/docklands-vic,"Anytime Fitness, 9b/747 Collins St, Docklands VIC 3008",melbourne,Gym,4.0,140.0,35.0,SEO audit and optimization; Website redesign and modernization; Website speed and mobile optimization; Conversion rate optimization; Professional email setup and automation; Customer relationship management (CRM) system; Member management and billing system; Online class booking and scheduling
Prestige Gym,(041) 652-2744,http://www.prestigegym.com.au/,"Prestige Gym, Level 2/181 King St, Melbourne VIC 3000",melbourne,Boxing gym,4.4,70.0,35.0,SEO audit and optimization; Website redesign and modernization; Website speed and mobile optimization; Conversion rate optimization; Professional email setup and automation; Customer relationship management (CRM) system; Member management and billing system; Online class booking and scheduling
RMIT Gym,(039) 925-2874,https://www.rmit.edu.au/students/student-life/sport-fitness,"RMIT Gym, level 3 building/8 Swanston St, Melbourne VIC 3004",melbourne,Gym,3.5,6.0,35.0,SEO audit and optimization; Website redesign and modernization; Website speed and mobile optimization; Conversion rate optimization; Professional email setup and automation; Customer relationship management (CRM) system; Reputation management and review improvement; Customer feedback and service improvement consulting
Anytime Fitness South Melbourne,(047) 833-0849,https://www.anytimefitness.com.au/gyms/au-1263/south-melbourne-vic-3205/?utm_source=google&utm_medium=organic&utm_campaign=gmb,"Anytime Fitness South Melbourne, Ground Floor/105 York St, South Melbourne VIC 3205",melbourne,Gym,4.3,198.0,35.0,SEO audit and optimization; Website redesign and modernization; Website speed and mobile optimization; Conversion rate optimization; Professional email setup and automation; Customer relationship management (CRM) system; Member management and billing system; Online class booking and scheduling
Equilibrium Health & Fitness 24/7 North Melbourne,(039) 329-4477,http://www.eqhf.com.au/,"Equilibrium Health & Fitness 24/7 North Melbourne, Level 1/19-23 Errol St, North Melbourne VIC 3051",melbourne,Gym,4.2,120.0,35.0,SEO audit and optimization; Website redesign and modernization; Website speed and mobile optimization; Conversion rate optimization; Professional email setup and automation; Customer relationship management (CRM) system; Member management and billing system; Online class booking and scheduling
Snap Fitness 24/7 Fitzroy,(049) 960-0667,https://www.snapfitness.com/au/gyms/fitzroy?utm_source=gmb&utm_medium=yext,"Snap Fitness 24/7 Fitzroy, 224 Brunswick St, Fitzroy VIC 3065",melbourne,Gym,4.7,323.0,35.0,SEO audit and optimization; Website redesign and modernization; Website speed and mobile optimization; Conversion rate optimization; Professional email setup and automation; Customer relationship management (CRM) system; Member management and billing system; Online class booking and scheduling
Forge Athletic West Melbourne,(040) 352-0426,http://www.forgeathletic.com.au/,"Forge Athletic West Melbourne, 25 Stanley St, West Melbourne VIC 3003",melbourne,Gym,4.8,50.0,35.0,SEO audit and optimization; Website redesign and modernization; Website speed and mobile optimization; Conversion rate optimization; Professional email setup and automation; Customer relationship management (CRM) system; Member management and billing system; Online class booking and scheduling
101Pilates,(041) 493-4804,http://www.101pilates.studio/,"101Pilates, 51 Dudley St, West Melbourne VIC 3003",melbourne,Gym,4.7,55.0,35.0,SEO audit and optimization; Website redesign and modernization; Website speed and mobile optimization; Conversion rate optimization; Professional email setup and automation; Customer relationship management (CRM) system; Member management and billing system; Online class booking and scheduling
Plus Fitness 24/7 Fitzroy,(039) 417-7490,https://www.plusfitness.com.au/gyms/fitzroy/?utm_source=google&utm_medium=organic&utm_campaign=place-business-listing,"Plus Fitness 24/7 Fitzroy, 188/196 Gertrude St, Fitzroy VIC 3065",melbourne,Gym,4.9,367.0,35.0,SEO audit and optimization; Website redesign and modernization; Website speed and mobile optimization; Conversion rate optimization; Professional email setup and automation; Customer relationship management (CRM) system; Member management and billing system; Online class booking and scheduling
Next Level Fitness South Melbourne 24/7,(039) 682-5775,https://nextlevelfitness.com.au/south-melbourne/,"Next Level Fitness South Melbourne 24/7, 13/21 Palmerston Cres, South Melbourne VIC 3205",melbourne,Gym,4.7,132.0,35.0,SEO audit and optimization; Website redesign and modernization; Website speed and mobile optimization; Conversion rate optimization; Professional email setup and automation; Customer relationship management (CRM) system; Member management and billing system; Online class booking and scheduling
CrossFit CBD,(042) 546-8293,http://www.crossfitcbd.com.au/,"CrossFit CBD, 333 Flinders Ln, Melbourne VIC 3000",melbourne,Gym,5.0,103.0,35.0,SEO audit and optimization; Website redesign and modernization; Website speed and mobile optimization; Conversion rate optimization; Professional email setup and automation; Customer relationship management (CRM) system; Member management and billing system; Online class booking and scheduling
Rekdek Gym,(045) 673-5440,https://www.justintimept.com/rekdek-gym/,"Rekdek Gym, 50 Lorimer St, Docklands VIC 3008",melbourne,Gym,3.9,28.0,35.0,SEO audit and optimization; Website redesign and modernization; Website speed and mobile optimization; Conversion rate optimization; Professional email setup and automation; Customer relationship management (CRM) system; Reputation management and review improvement; Customer feedback and service improvement consulting
City Club Health and Fitness Centre,(039) 653-4894,https://www.hyatt.com/grand-hyatt/en-US/melbo-grand-hyatt-melbourne/city-club,"City Club Health and Fitness Centre, 123 Collins St, Melbourne VIC 3000",melbourne,Fitness center,4.3,53.0,30.0,SEO audit and optimization; Website redesign and modernization; Website speed and mobile optimization; Conversion rate optimization; Professional email setup and automation; Customer relationship management (CRM) system; Member management and billing system; Online class booking and scheduling
BFT Southbank,(045) 553-3228,https://www.bft.fit/southbank-googlebusiness,"BFT Southbank, 18 Fanning St, Southbank VIC 3006",melbourne,Fitness center,4.9,72.0,30.0,SEO audit and optimization; Website redesign and modernization; Website speed and mobile optimization; Conversion rate optimization; Professional email setup and automation; Customer relationship management (CRM) system; Member management and billing system; Online class booking and scheduling
BFT Vic Market,(042) 103-3844,https://www.bft.fit/vicmarket-googlebusiness,"BFT Vic Market, 9 Cobden St, North Melbourne VIC 3051",melbourne,Fitness center,4.9,113.0,30.0,SEO audit and optimization; Website redesign and modernization; Website speed and mobile optimization; Conversion rate optimization; Professional email setup and automation; Customer relationship management (CRM) system; Member management and billing system; Online class booking and scheduling
Kaya Health Clubs Melbourne CBD,(039) 090-1050,https://kayahealthclubs.com.au/?utm_source=GMB&utm_medium=gmb&content=emporium,"Kaya Health Clubs Melbourne CBD, Emporium Melbourne, 287 Lonsdale St, Melbourne VIC 3000",melbourne,Pilates studio,4.2,212.0,30.0,SEO audit and optimization; Website redesign and modernization; Website speed and mobile optimization; Conversion rate optimization; Professional email setup and automation; Customer relationship management (CRM) system; Member management and billing system; Online class booking and scheduling
Absolute Health & Performance - Little Collins St,(038) 547-4830,http://www.absolutehealthperformance.com.au/?y_source=1_Mzg3OTEzNzItNzE1LWxvY2F0aW9uLndlYnNpdGU%3D,"Absolute Health & Performance - Little Collins St, 138 Little Collins St, Melbourne VIC 3000",melbourne,Personal trainer,4.9,137.0,30.0,SEO audit and optimization; Website redesign and modernization; Website speed and mobile optimization; Conversion rate optimization; Professional email setup and automation; Customer relationship management (CRM) system; Member management and billing system; Online class booking and scheduling
Fitzroy Gym,(047) 767-5045,http://www.fitzroygym.com.au/,"Fitzroy Gym, Lvl 2/131/135 Johnston St, Fitzroy VIC 3065",melbourne,Fitness center,4.6,125.0,30.0,SEO audit and optimization; Website redesign and modernization; Website speed and mobile optimization; Conversion rate optimization; Professional email setup and automation; Customer relationship management (CRM) system; Member management and billing system; Online class booking and scheduling
Fitness First Melbourne Central Platinum,(039) 935-2600,https://www.fitnessfirst.com.au/clubs/melbourne-central-platinum/?utm_source=gbp&utm_medium=organic&utm_campaign=FF%20-%20AO%20-%20GBP%20-%20GOO%20-%20AU&utm_content=Fitness%20First%20Melbourne%20Central%20Platinum&utm_term=plcid_7496860741625488975,"Fitness First Melbourne Central Platinum, 211 La Trobe St, Melbourne VIC 3000",melbourne,Gym,3.8,442.0,25.0,SEO audit and optimization; Website redesign and modernization; Website speed and mobile optimization; Conversion rate optimization; Professional email setup and automation; Customer relationship management (CRM) system; Reputation management and review improvement; Customer feedback and service improvement consulting
Fitness First QV Platinum,(038) 665-4000,https://www.fitnessfirst.com.au/clubs/qv-platinum/?utm_source=gbp&utm_medium=organic&utm_campaign=FF%20-%20AO%20-%20GBP%20-%20GOO%20-%20AU&utm_content=Fitness%20First%20QV%20Platinum%20-%20Melbourne&utm_term=plcid_13252630253163087659,"Fitness First QV Platinum, Cnr Lonsdale &, Russell St, Melbourne VIC 3000",melbourne,Gym,3.4,345.0,25.0,SEO audit and optimization; Website redesign and modernization; Website speed and mobile optimization; Conversion rate optimization; Professional email setup and automation; Customer relationship management (CRM) system; Reputation management and review improvement; Customer feedback and service improvement consulting
Anytime Fitness Carlton,(043) 257-7961,https://www.anytimefitness.com.au/gyms/au-1381/carlton-vic-3053/?utm_source=google&utm_medium=organic&utm_campaign=gmb,"Anytime Fitness Carlton, Unit 2/551 Swanston St, Carlton VIC 3053",melbourne,Gym,2.8,192.0,25.0,SEO audit and optimization; Website redesign and modernization; Website speed and mobile optimization; Conversion rate optimization; Professional email setup and automation; Customer relationship management (CRM) system; Reputation management and review improvement; Customer feedback and service improvement consulting
Fitness First Flinders St Platinum,(039) 616-4400,https://www.fitnessfirst.com.au/clubs/flinders-st-platinum/?utm_source=gbp&utm_medium=organic&utm_campaign=FF%20-%20AO%20-%20GBP%20-%20GOO%20-%20AU&utm_content=Fitness%20First%20Flinders%20St%20Platinum%20-%20Melbourne&utm_term=plcid_17263268583641530034,"Fitness First Flinders St Platinum, level 2 & 3/276 Flinders St, Melbourne VIC 3000",melbourne,Gym,3.8,351.0,25.0,SEO audit and optimization; Website redesign and modernization; Website speed and mobile optimization; Conversion rate optimization; Professional email setup and automation; Customer relationship management (CRM) system; Reputation management and review improvement; Customer feedback and service improvement consulting
Goodlife Health Clubs Docklands,(039) 099-6600,https://www.goodlife.com.au/clubs/docklands/?utm_source=gbp&utm_medium=organic&utm_campaign=GL%20-%20AO%20-%20GBP%20-%20GOO%20-%20AU&utm_content=Goodlife%20Health%20Clubs%20Docklands&utm_term=plcid_4280281308979571397,"Goodlife Health Clubs Docklands, 740/720 Bourke St, Docklands VIC 3008",melbourne,Gym,3.5,306.0,25.0,SEO audit and optimization; Website redesign and modernization; Website speed and mobile optimization; Conversion rate optimization; Professional email setup and automation; Customer relationship management (CRM) system; Reputation management and review improvement; Customer feedback and service improvement consulting
Anytime Fitness West Melbourne,(040) 900-1352,https://club.anytimefitness.com.au/west-melbourne-vic,"Anytime Fitness West Melbourne, 18/185 Rosslyn St, West Melbourne VIC 3003",melbourne,Gym,3.8,93.0,25.0,SEO audit and optimization; Website redesign and modernization; Website speed and mobile optimization; Conversion rate optimization; Professional email setup and automation; Customer relationship management (CRM) system; Reputation management and review improvement; Customer feedback and service improvement consulting
Goodlife Health Clubs South Melbourne,(038) 102-5200,https://www.goodlife.com.au/clubs/south-melbourne/?utm_source=gbp&utm_medium=organic&utm_campaign=GL%20-%20AO%20-%20GBP%20-%20GOO%20-%20AU&utm_content=Goodlife%20Health%20Clubs%20South%20Melbourne&utm_term=plcid_3848975511520916119,"Goodlife Health Clubs South Melbourne, 111 Cecil St, South Melbourne VIC 3205",melbourne,Gym,3.9,322.0,25.0,SEO audit and optimization; Website redesign and modernization; Website speed and mobile optimization; Conversion rate optimization; Professional email setup and automation; Customer relationship management (CRM) system; Reputation management and review improvement; Customer feedback and service improvement consulting
Goodlife Health Clubs Fitzroy,(039) 915-2900,https://www.goodlife.com.au/clubs/fitzroy/?utm_source=gbp&utm_medium=organic&utm_campaign=GL%20-%20AO%20-%20GBP%20-%20GOO%20-%20AU&utm_content=Goodlife%20Health%20Clubs%20Fitzroy&utm_term=plcid_10243892835117746353,"Goodlife Health Clubs Fitzroy, 41 Johnston St, Fitzroy VIC 3065",melbourne,Gym,3.5,252.0,25.0,SEO audit and optimization; Website redesign and modernization; Website speed and mobile optimization; Conversion rate optimization; Professional email setup and automation; Customer relationship management (CRM) system; Reputation management and review improvement; Customer feedback and service improvement consulting